[{"model": "admin.logentry", "pk": 16, "fields": {"action_time": "2025-03-14T18:00:07.423Z", "user": 6, "content_type": 13, "object_id": "6", "object_repr": "Admin, Admin, non_participating", "action_flag": 2, "change_message": "[{\"changed\": {\"fields\": [\"Ssv id\", \"Full name\"]}}]"}}, {"model": "admin.logentry", "pk": 17, "fields": {"action_time": "2025-03-14T18:01:52.013Z", "user": 6, "content_type": 13, "object_id": "7", "object_repr": "sagar.shetty1, Sagar Shetty, non_participating", "action_flag": 2, "change_message": "[{\"changed\": {\"fields\": [\"Full name\"]}}]"}}, {"model": "admin.logentry", "pk": 18, "fields": {"action_time": "2025-03-14T18:47:39.234Z", "user": 6, "content_type": 4, "object_id": "18", "object_repr": "mahek.r4", "action_flag": 3, "change_message": ""}}, {"model": "admin.logentry", "pk": 19, "fields": {"action_time": "2025-03-14T19:01:48.688Z", "user": 6, "content_type": 13, "object_id": "7", "object_repr": "sagar.shetty1, Sagar Shetty, faculty", "action_flag": 2, "change_message": "[{\"changed\": {\"fields\": [\"Role\"]}}]"}}, {"model": "admin.logentry", "pk": 20, "fields": {"action_time": "2025-03-14T19:02:25.764Z", "user": 6, "content_type": 13, "object_id": "8", "object_repr": "dhroov.p, Dhroov Patel, faculty", "action_flag": 2, "change_message": "[{\"changed\": {\"fields\": [\"Full name\", \"Role\"]}}]"}}, {"model": "admin.logentry", "pk": 21, "fields": {"action_time": "2025-03-14T19:03:03.142Z", "user": 6, "content_type": 13, "object_id": "9", "object_repr": "harsh.p, Harsh Patel, faculty", "action_flag": 2, "change_message": "[{\"changed\": {\"fields\": [\"Full name\", \"Role\"]}}]"}}, {"model": "admin.logentry", "pk": 22, "fields": {"action_time": "2025-03-14T19:03:27.266Z", "user": 6, "content_type": 13, "object_id": "10", "object_repr": "krishiv.p, Krishiv Patel, non_participating", "action_flag": 2, "change_message": "[{\"changed\": {\"fields\": [\"Full name\"]}}]"}}, {"model": "admin.logentry", "pk": 23, "fields": {"action_time": "2025-03-14T19:03:41.789Z", "user": 6, "content_type": 13, "object_id": "10", "object_repr": "krishiv.p, Krishiv Patel, faculty", "action_flag": 2, "change_message": "[{\"changed\": {\"fields\": [\"Role\"]}}]"}}, {"model": "admin.logentry", "pk": 24, "fields": {"action_time": "2025-03-14T21:11:23.812Z", "user": 6, "content_type": 13, "object_id": "38", "object_repr": "pragati.t, Pragati Tiwari, faculty", "action_flag": 2, "change_message": "[{\"changed\": {\"fields\": [\"Full name\", \"Role\"]}}]"}}, {"model": "auth.permission", "pk": 1, "fields": {"name": "Can add log entry", "content_type": 1, "codename": "add_logentry"}}, {"model": "auth.permission", "pk": 2, "fields": {"name": "Can change log entry", "content_type": 1, "codename": "change_logentry"}}, {"model": "auth.permission", "pk": 3, "fields": {"name": "Can delete log entry", "content_type": 1, "codename": "delete_logentry"}}, {"model": "auth.permission", "pk": 4, "fields": {"name": "Can view log entry", "content_type": 1, "codename": "view_logentry"}}, {"model": "auth.permission", "pk": 5, "fields": {"name": "Can add permission", "content_type": 2, "codename": "add_permission"}}, {"model": "auth.permission", "pk": 6, "fields": {"name": "Can change permission", "content_type": 2, "codename": "change_permission"}}, {"model": "auth.permission", "pk": 7, "fields": {"name": "Can delete permission", "content_type": 2, "codename": "delete_permission"}}, {"model": "auth.permission", "pk": 8, "fields": {"name": "Can view permission", "content_type": 2, "codename": "view_permission"}}, {"model": "auth.permission", "pk": 9, "fields": {"name": "Can add group", "content_type": 3, "codename": "add_group"}}, {"model": "auth.permission", "pk": 10, "fields": {"name": "Can change group", "content_type": 3, "codename": "change_group"}}, {"model": "auth.permission", "pk": 11, "fields": {"name": "Can delete group", "content_type": 3, "codename": "delete_group"}}, {"model": "auth.permission", "pk": 12, "fields": {"name": "Can view group", "content_type": 3, "codename": "view_group"}}, {"model": "auth.permission", "pk": 13, "fields": {"name": "Can add user", "content_type": 4, "codename": "add_user"}}, {"model": "auth.permission", "pk": 14, "fields": {"name": "Can change user", "content_type": 4, "codename": "change_user"}}, {"model": "auth.permission", "pk": 15, "fields": {"name": "Can delete user", "content_type": 4, "codename": "delete_user"}}, {"model": "auth.permission", "pk": 16, "fields": {"name": "Can view user", "content_type": 4, "codename": "view_user"}}, {"model": "auth.permission", "pk": 17, "fields": {"name": "Can add content type", "content_type": 5, "codename": "add_contenttype"}}, {"model": "auth.permission", "pk": 18, "fields": {"name": "Can change content type", "content_type": 5, "codename": "change_contenttype"}}, {"model": "auth.permission", "pk": 19, "fields": {"name": "Can delete content type", "content_type": 5, "codename": "delete_contenttype"}}, {"model": "auth.permission", "pk": 20, "fields": {"name": "Can view content type", "content_type": 5, "codename": "view_contenttype"}}, {"model": "auth.permission", "pk": 21, "fields": {"name": "Can add session", "content_type": 6, "codename": "add_session"}}, {"model": "auth.permission", "pk": 22, "fields": {"name": "Can change session", "content_type": 6, "codename": "change_session"}}, {"model": "auth.permission", "pk": 23, "fields": {"name": "Can delete session", "content_type": 6, "codename": "delete_session"}}, {"model": "auth.permission", "pk": 24, "fields": {"name": "Can view session", "content_type": 6, "codename": "view_session"}}, {"model": "auth.permission", "pk": 25, "fields": {"name": "Can add site", "content_type": 7, "codename": "add_site"}}, {"model": "auth.permission", "pk": 26, "fields": {"name": "Can change site", "content_type": 7, "codename": "change_site"}}, {"model": "auth.permission", "pk": 27, "fields": {"name": "Can delete site", "content_type": 7, "codename": "delete_site"}}, {"model": "auth.permission", "pk": 28, "fields": {"name": "Can view site", "content_type": 7, "codename": "view_site"}}, {"model": "auth.permission", "pk": 29, "fields": {"name": "Can add email address", "content_type": 8, "codename": "add_emailaddress"}}, {"model": "auth.permission", "pk": 30, "fields": {"name": "Can change email address", "content_type": 8, "codename": "change_emailaddress"}}, {"model": "auth.permission", "pk": 31, "fields": {"name": "Can delete email address", "content_type": 8, "codename": "delete_emailaddress"}}, {"model": "auth.permission", "pk": 32, "fields": {"name": "Can view email address", "content_type": 8, "codename": "view_emailaddress"}}, {"model": "auth.permission", "pk": 33, "fields": {"name": "Can add email confirmation", "content_type": 9, "codename": "add_emailconfirmation"}}, {"model": "auth.permission", "pk": 34, "fields": {"name": "Can change email confirmation", "content_type": 9, "codename": "change_emailconfirmation"}}, {"model": "auth.permission", "pk": 35, "fields": {"name": "Can delete email confirmation", "content_type": 9, "codename": "delete_emailconfirmation"}}, {"model": "auth.permission", "pk": 36, "fields": {"name": "Can view email confirmation", "content_type": 9, "codename": "view_emailconfirmation"}}, {"model": "auth.permission", "pk": 37, "fields": {"name": "Can add social account", "content_type": 10, "codename": "add_socialaccount"}}, {"model": "auth.permission", "pk": 38, "fields": {"name": "Can change social account", "content_type": 10, "codename": "change_socialaccount"}}, {"model": "auth.permission", "pk": 39, "fields": {"name": "Can delete social account", "content_type": 10, "codename": "delete_socialaccount"}}, {"model": "auth.permission", "pk": 40, "fields": {"name": "Can view social account", "content_type": 10, "codename": "view_socialaccount"}}, {"model": "auth.permission", "pk": 41, "fields": {"name": "Can add social application", "content_type": 11, "codename": "add_socialapp"}}, {"model": "auth.permission", "pk": 42, "fields": {"name": "Can change social application", "content_type": 11, "codename": "change_socialapp"}}, {"model": "auth.permission", "pk": 43, "fields": {"name": "Can delete social application", "content_type": 11, "codename": "delete_socialapp"}}, {"model": "auth.permission", "pk": 44, "fields": {"name": "Can view social application", "content_type": 11, "codename": "view_socialapp"}}, {"model": "auth.permission", "pk": 45, "fields": {"name": "Can add social application token", "content_type": 12, "codename": "add_socialtoken"}}, {"model": "auth.permission", "pk": 46, "fields": {"name": "Can change social application token", "content_type": 12, "codename": "change_socialtoken"}}, {"model": "auth.permission", "pk": 47, "fields": {"name": "Can delete social application token", "content_type": 12, "codename": "delete_socialtoken"}}, {"model": "auth.permission", "pk": 48, "fields": {"name": "Can view social application token", "content_type": 12, "codename": "view_socialtoken"}}, {"model": "auth.permission", "pk": 49, "fields": {"name": "Can add user profile", "content_type": 13, "codename": "add_userprofile"}}, {"model": "auth.permission", "pk": 50, "fields": {"name": "Can change user profile", "content_type": 13, "codename": "change_userprofile"}}, {"model": "auth.permission", "pk": 51, "fields": {"name": "Can delete user profile", "content_type": 13, "codename": "delete_userprofile"}}, {"model": "auth.permission", "pk": 52, "fields": {"name": "Can view user profile", "content_type": 13, "codename": "view_userprofile"}}, {"model": "auth.permission", "pk": 53, "fields": {"name": "Can add event", "content_type": 14, "codename": "add_event"}}, {"model": "auth.permission", "pk": 54, "fields": {"name": "Can change event", "content_type": 14, "codename": "change_event"}}, {"model": "auth.permission", "pk": 55, "fields": {"name": "Can delete event", "content_type": 14, "codename": "delete_event"}}, {"model": "auth.permission", "pk": 56, "fields": {"name": "Can view event", "content_type": 14, "codename": "view_event"}}, {"model": "auth.permission", "pk": 57, "fields": {"name": "Can add location", "content_type": 15, "codename": "add_location"}}, {"model": "auth.permission", "pk": 58, "fields": {"name": "Can change location", "content_type": 15, "codename": "change_location"}}, {"model": "auth.permission", "pk": 59, "fields": {"name": "Can delete location", "content_type": 15, "codename": "delete_location"}}, {"model": "auth.permission", "pk": 60, "fields": {"name": "Can view location", "content_type": 15, "codename": "view_location"}}, {"model": "auth.permission", "pk": 61, "fields": {"name": "Can add faculty", "content_type": 16, "codename": "add_faculty"}}, {"model": "auth.permission", "pk": 62, "fields": {"name": "Can change faculty", "content_type": 16, "codename": "change_faculty"}}, {"model": "auth.permission", "pk": 63, "fields": {"name": "Can delete faculty", "content_type": 16, "codename": "delete_faculty"}}, {"model": "auth.permission", "pk": 64, "fields": {"name": "Can view faculty", "content_type": 16, "codename": "view_faculty"}}, {"model": "auth.permission", "pk": 65, "fields": {"name": "Can add core member", "content_type": 17, "codename": "add_coremember"}}, {"model": "auth.permission", "pk": 66, "fields": {"name": "Can change core member", "content_type": 17, "codename": "change_coremember"}}, {"model": "auth.permission", "pk": 67, "fields": {"name": "Can delete core member", "content_type": 17, "codename": "delete_coremember"}}, {"model": "auth.permission", "pk": 68, "fields": {"name": "Can view core member", "content_type": 17, "codename": "view_coremember"}}, {"model": "auth.permission", "pk": 69, "fields": {"name": "Can add member", "content_type": 18, "codename": "add_member"}}, {"model": "auth.permission", "pk": 70, "fields": {"name": "Can change member", "content_type": 18, "codename": "change_member"}}, {"model": "auth.permission", "pk": 71, "fields": {"name": "Can delete member", "content_type": 18, "codename": "delete_member"}}, {"model": "auth.permission", "pk": 72, "fields": {"name": "Can view member", "content_type": 18, "codename": "view_member"}}, {"model": "auth.permission", "pk": 73, "fields": {"name": "Can add preference", "content_type": 19, "codename": "add_preference"}}, {"model": "auth.permission", "pk": 74, "fields": {"name": "Can change preference", "content_type": 19, "codename": "change_preference"}}, {"model": "auth.permission", "pk": 75, "fields": {"name": "Can delete preference", "content_type": 19, "codename": "delete_preference"}}, {"model": "auth.permission", "pk": 76, "fields": {"name": "Can view preference", "content_type": 19, "codename": "view_preference"}}, {"model": "auth.permission", "pk": 77, "fields": {"name": "Can add announcement", "content_type": 20, "codename": "add_announcement"}}, {"model": "auth.permission", "pk": 78, "fields": {"name": "Can change announcement", "content_type": 20, "codename": "change_announcement"}}, {"model": "auth.permission", "pk": 79, "fields": {"name": "Can delete announcement", "content_type": 20, "codename": "delete_announcement"}}, {"model": "auth.permission", "pk": 80, "fields": {"name": "Can view announcement", "content_type": 20, "codename": "view_announcement"}}, {"model": "auth.permission", "pk": 81, "fields": {"name": "Can add association image", "content_type": 21, "codename": "add_associationimage"}}, {"model": "auth.permission", "pk": 82, "fields": {"name": "Can change association image", "content_type": 21, "codename": "change_associationimage"}}, {"model": "auth.permission", "pk": 83, "fields": {"name": "Can delete association image", "content_type": 21, "codename": "delete_associationimage"}}, {"model": "auth.permission", "pk": 84, "fields": {"name": "Can view association image", "content_type": 21, "codename": "view_associationimage"}}, {"model": "auth.permission", "pk": 85, "fields": {"name": "Can add associations", "content_type": 22, "codename": "add_associations"}}, {"model": "auth.permission", "pk": 86, "fields": {"name": "Can change associations", "content_type": 22, "codename": "change_associations"}}, {"model": "auth.permission", "pk": 87, "fields": {"name": "Can delete associations", "content_type": 22, "codename": "delete_associations"}}, {"model": "auth.permission", "pk": 88, "fields": {"name": "Can view associations", "content_type": 22, "codename": "view_associations"}}, {"model": "auth.permission", "pk": 89, "fields": {"name": "Can add nofification", "content_type": 23, "codename": "add_nofification"}}, {"model": "auth.permission", "pk": 90, "fields": {"name": "Can change nofification", "content_type": 23, "codename": "change_nofification"}}, {"model": "auth.permission", "pk": 91, "fields": {"name": "Can delete nofification", "content_type": 23, "codename": "delete_nofification"}}, {"model": "auth.permission", "pk": 92, "fields": {"name": "Can view nofification", "content_type": 23, "codename": "view_nofification"}}, {"model": "auth.user", "pk": 6, "fields": {"password": "pbkdf2_sha256$870000$GGg9j5ND2eSYAy3kBHL4WO$cshgdFsTkIkXf8FLIs5BhDFpJBELS6Bv96Hsxf6W7SQ=", "last_login": "2025-03-14T21:15:51.254Z", "is_superuser": true, "username": "Admin", "first_name": "", "last_name": "", "email": "kushalsoni@gmail.com", "is_staff": true, "is_active": true, "date_joined": "2025-03-14T17:53:11.130Z", "groups": [], "user_permissions": []}}, {"model": "auth.user", "pk": 7, "fields": {"password": "pbkdf2_sha256$870000$cJJvD85Qhzcz2YgNMH4XJC$KHCuqqTB2Rbcv7EpVBtZnJfx/0lM+Apnkb9Ecyvz/34=", "last_login": "2025-03-14T18:01:08.965Z", "is_superuser": false, "username": "sagar.shetty1", "first_name": "", "last_name": "", "email": "sagar.shetty1@somaiya.edu", "is_staff": false, "is_active": true, "date_joined": "2025-03-14T18:01:01.698Z", "groups": [], "user_permissions": []}}, {"model": "auth.user", "pk": 8, "fields": {"password": "pbkdf2_sha256$870000$LYus7uEZMbup1l0VOK4sMV$tqHmW2nQsaU4+DWy5C1hTeCoonO/WPPqFcH8MamNa3g=", "last_login": "2025-03-14T21:14:32.423Z", "is_superuser": false, "username": "dhroov.p", "first_name": "", "last_name": "", "email": "dhroov.p@somaiya.edu", "is_staff": false, "is_active": true, "date_joined": "2025-03-14T18:42:33.049Z", "groups": [], "user_permissions": []}}, {"model": "auth.user", "pk": 9, "fields": {"password": "pbkdf2_sha256$870000$YwM9uCa5OcciIXVERQyFUu$21UbP8ttHAnokEpgqzRd3KfJhXFKrhzBjJyKW+7+v08=", "last_login": "2025-03-14T18:43:06.759Z", "is_superuser": false, "username": "harsh.p", "first_name": "", "last_name": "", "email": "harsh.p@somaiya.edu", "is_staff": false, "is_active": true, "date_joined": "2025-03-14T18:42:59.007Z", "groups": [], "user_permissions": []}}, {"model": "auth.user", "pk": 10, "fields": {"password": "pbkdf2_sha256$870000$PmCZYujNxLM74wb9cYIYAv$3GTruqf6lU4G8a1YwE5QKjv/zPPPZk3YfeyEQXVdpfc=", "last_login": "2025-03-14T18:43:31.431Z", "is_superuser": false, "username": "krishiv.p", "first_name": "", "last_name": "", "email": "krishiv.p@somaiya.edu", "is_staff": false, "is_active": true, "date_joined": "2025-03-14T18:43:24.165Z", "groups": [], "user_permissions": []}}, {"model": "auth.user", "pk": 11, "fields": {"password": "pbkdf2_sha256$870000$GjSHowEoQOyXhqjM0lT2UE$uFhV4JkMgZeY7l48f49K4lPsEaR55drZFpH4bDxjkbs=", "last_login": "2025-03-14T18:43:56.242Z", "is_superuser": false, "username": "chirag.p", "first_name": "", "last_name": "", "email": "chirag.p@somaiya.edu", "is_staff": false, "is_active": true, "date_joined": "2025-03-14T18:43:50.519Z", "groups": [], "user_permissions": []}}, {"model": "auth.user", "pk": 12, "fields": {"password": "pbkdf2_sha256$870000$Dj8h2nnztInmuZZKhEAdNL$/Hi+XmxCeIYG2lti8YyKAJ6pPZabjBS9nxguj8WVZzU=", "last_login": "2025-03-14T18:44:20.596Z", "is_superuser": false, "username": "shyam.p", "first_name": "", "last_name": "", "email": "shyam.p@somaiya.edu", "is_staff": false, "is_active": true, "date_joined": "2025-03-14T18:44:14.240Z", "groups": [], "user_permissions": []}}, {"model": "auth.user", "pk": 13, "fields": {"password": "pbkdf2_sha256$870000$Mtd4DFmXbXoCpKPauNlZZa$oPhgE1J1uuRbl0x6IjSJrBFW90KqCkrPNPXjMNAw06E=", "last_login": "2025-03-14T18:44:46.534Z", "is_superuser": false, "username": "manav.p", "first_name": "", "last_name": "", "email": "manav.p@somaiya.edu", "is_staff": false, "is_active": true, "date_joined": "2025-03-14T18:44:36.700Z", "groups": [], "user_permissions": []}}, {"model": "auth.user", "pk": 14, "fields": {"password": "pbkdf2_sha256$870000$yJSN7ugpZ9S2VckEAJRB2M$pyP+97EQjukn7TfDGCwyB0n6DpEwg5JjVdC8b8St9Hc=", "last_login": "2025-03-14T18:45:10.992Z", "is_superuser": false, "username": "sumant.p", "first_name": "", "last_name": "", "email": "sumant.p@somaiya.edu", "is_staff": false, "is_active": true, "date_joined": "2025-03-14T18:45:03.158Z", "groups": [], "user_permissions": []}}, {"model": "auth.user", "pk": 15, "fields": {"password": "pbkdf2_sha256$870000$CH6MdeRpDPbLSlV2sMpJvX$FvXhAR2XEDpOH/luBzkOeJrSwJN6n/iHluhCywhHukE=", "last_login": "2025-03-14T18:45:32.991Z", "is_superuser": false, "username": "muskaan.p", "first_name": "", "last_name": "", "email": "muskaan.p@somaiya.edu", "is_staff": false, "is_active": true, "date_joined": "2025-03-14T18:45:27.194Z", "groups": [], "user_permissions": []}}, {"model": "auth.user", "pk": 16, "fields": {"password": "pbkdf2_sha256$870000$qOFWXM9Zk8PXK8REq918Qj$gwAeliES21Ovq99jLomTt4oTwQc/1M6AwhQx78KJzfo=", "last_login": "2025-03-14T18:46:01.873Z", "is_superuser": false, "username": "yashodhan.p", "first_name": "", "last_name": "", "email": "yashodhan.p@somaiya.edu", "is_staff": false, "is_active": true, "date_joined": "2025-03-14T18:45:55.930Z", "groups": [], "user_permissions": []}}, {"model": "auth.user", "pk": 17, "fields": {"password": "pbkdf2_sha256$870000$HzovTGbfGL76CHHEu4pHk8$c0S+uTwj6+J/20cQdesLWeFRMS59TWWKjyF+8SDp4OU=", "last_login": "2025-03-14T18:46:26.754Z", "is_superuser": false, "username": "mahek.r", "first_name": "", "last_name": "", "email": "mahek.r@somaiya.edu", "is_staff": false, "is_active": true, "date_joined": "2025-03-14T18:46:19.991Z", "groups": [], "user_permissions": []}}, {"model": "auth.user", "pk": 19, "fields": {"password": "pbkdf2_sha256$870000$jWJMrvOvqEUJxhg411mmql$krbQQTLOLOASETBcZORpPtiFN7iZbxAO4BakRJ1pA9I=", "last_login": "2025-03-14T18:49:41.016Z", "is_superuser": false, "username": "bhaumik.r", "first_name": "", "last_name": "", "email": "bhaumik.r@somaiya.edu", "is_staff": false, "is_active": true, "date_joined": "2025-03-14T18:49:33.447Z", "groups": [], "user_permissions": []}}, {"model": "auth.user", "pk": 20, "fields": {"password": "pbkdf2_sha256$870000$l1HYCxC6hG1dO0p9lNUyBo$iiUxNS5pgfTyQiVg62u5MOWNFNQYduCkNvpXtf/Ombg=", "last_login": "2025-03-14T18:50:08.352Z", "is_superuser": false, "username": "nishit.r", "first_name": "", "last_name": "", "email": "nishit.r@somaiya.edu", "is_staff": false, "is_active": true, "date_joined": "2025-03-14T18:49:58.956Z", "groups": [], "user_permissions": []}}, {"model": "auth.user", "pk": 21, "fields": {"password": "pbkdf2_sha256$870000$Z8uHAlArLoe2jRveF5l4zU$ttzSS2FGMat4MaM9r0EKsFktkaXrmWWoxnUm+R9qOt8=", "last_login": "2025-03-14T18:50:29.658Z", "is_superuser": false, "username": "mrudul.r", "first_name": "", "last_name": "", "email": "mrudul.r@somaiya.edu", "is_staff": false, "is_active": true, "date_joined": "2025-03-14T18:50:23.732Z", "groups": [], "user_permissions": []}}, {"model": "auth.user", "pk": 22, "fields": {"password": "pbkdf2_sha256$870000$zUrm1Z8ZA7UbyiZDefRxRI$VwcVgj46ezkhIETtbZbBhA5pr+xm5pyID/uy+tNs1Po=", "last_login": "2025-03-14T18:51:05.080Z", "is_superuser": false, "username": "swayam.r", "first_name": "", "last_name": "", "email": "swayam.r@somaiya.edu", "is_staff": false, "is_active": true, "date_joined": "2025-03-14T18:50:59.239Z", "groups": [], "user_permissions": []}}, {"model": "auth.user", "pk": 23, "fields": {"password": "pbkdf2_sha256$870000$iv8izDSD61khe3Yc2pq3Ee$3i6FRTJ+6/YZR3hgAvDrmifTwxdVz/la/YBgDFlanrg=", "last_login": "2025-03-14T18:51:31.112Z", "is_superuser": false, "username": "siddhant.s", "first_name": "", "last_name": "", "email": "siddhant.s@somaiya.edu", "is_staff": false, "is_active": true, "date_joined": "2025-03-14T18:51:24.893Z", "groups": [], "user_permissions": []}}, {"model": "auth.user", "pk": 24, "fields": {"password": "pbkdf2_sha256$870000$4veLD3WLZ9YGhaXo2dZPCN$W0xaR00eXx8fblaoarve4O18nMX+lSrSGl1iG+ED4fc=", "last_login": "2025-03-14T18:51:50.800Z", "is_superuser": false, "username": "manushi.s", "first_name": "", "last_name": "", "email": "manushi.s@somaiya.edu", "is_staff": false, "is_active": true, "date_joined": "2025-03-14T18:51:44.192Z", "groups": [], "user_permissions": []}}, {"model": "auth.user", "pk": 25, "fields": {"password": "pbkdf2_sha256$870000$TExw6OBWIqSt5DXYGCm2ju$aXgOPPG5OugQLlq0BXabw/ZQArTUPnhFiqIOYlFNwGw=", "last_login": "2025-03-14T18:52:12.661Z", "is_superuser": false, "username": "tanukriti.s", "first_name": "", "last_name": "", "email": "tanukriti.s@somaiya.edu", "is_staff": false, "is_active": true, "date_joined": "2025-03-14T18:52:06.811Z", "groups": [], "user_permissions": []}}, {"model": "auth.user", "pk": 26, "fields": {"password": "pbkdf2_sha256$870000$Q3Lf6ZUrFEDsLR7sq0wWr1$/iHdddRbw0rbyU87LZkz9h9+v9dUS/Ur2imGFhAwdx4=", "last_login": "2025-03-14T18:52:31.022Z", "is_superuser": false, "username": "vidit.s", "first_name": "", "last_name": "", "email": "vidit.s@somaiya.edu", "is_staff": false, "is_active": true, "date_joined": "2025-03-14T18:52:24.852Z", "groups": [], "user_permissions": []}}, {"model": "auth.user", "pk": 27, "fields": {"password": "pbkdf2_sha256$870000$sc6FyLjbIsnKvGZIzd1cMZ$uCzW4Kcw/AUW4GNEC/3/P2JpjpU7F5XnJa6LQ2tJHTc=", "last_login": "2025-03-14T18:52:55.531Z", "is_superuser": false, "username": "jash.s", "first_name": "", "last_name": "", "email": "jash.s@somaiya.edu", "is_staff": false, "is_active": true, "date_joined": "2025-03-14T18:52:48.812Z", "groups": [], "user_permissions": []}}, {"model": "auth.user", "pk": 28, "fields": {"password": "pbkdf2_sha256$870000$bsGdYPC3neNn68l1OIz8Ks$erNJ38t4m5kGj4ZctArRYV5o+d6Vccz/je3JTc3V7rc=", "last_login": "2025-03-14T18:53:17.382Z", "is_superuser": false, "username": "meeti.s", "first_name": "", "last_name": "", "email": "meeti.s@somaiya.edu", "is_staff": false, "is_active": true, "date_joined": "2025-03-14T18:53:11.676Z", "groups": [], "user_permissions": []}}, {"model": "auth.user", "pk": 29, "fields": {"password": "pbkdf2_sha256$870000$noPyHiDYu6rmDwcIhOTjiO$sUuwh7F1yM+AfGvpeZqZ0WBI5PugpOc3nP0hN42uMu8=", "last_login": "2025-03-14T18:53:37.463Z", "is_superuser": false, "username": "neel.s", "first_name": "", "last_name": "", "email": "neel.s@somaiya.edu", "is_staff": false, "is_active": true, "date_joined": "2025-03-14T18:53:30.786Z", "groups": [], "user_permissions": []}}, {"model": "auth.user", "pk": 30, "fields": {"password": "pbkdf2_sha256$870000$9aYJzs8CmIkr7sbdWIGgrm$/OF4U2PEmbOqYZjujn3Mh7XcLVWimHUawWiwQSO0r4U=", "last_login": "2025-03-14T18:54:00.964Z", "is_superuser": false, "username": "ayesha.s", "first_name": "", "last_name": "", "email": "ayesha.s@somaiya.edu", "is_staff": false, "is_active": true, "date_joined": "2025-03-14T18:53:53.510Z", "groups": [], "user_permissions": []}}, {"model": "auth.user", "pk": 31, "fields": {"password": "pbkdf2_sha256$870000$XdREI3D5jPVGNYVYdPDHAX$T0oeEe5C1DxdRDMY5h4bT//MoTGkOKLG8YBVz1gm8RE=", "last_login": "2025-03-14T18:54:28.355Z", "is_superuser": false, "username": "shriddha.s", "first_name": "", "last_name": "", "email": "shriddha.s@somaiya.edu", "is_staff": false, "is_active": true, "date_joined": "2025-03-14T18:54:21.542Z", "groups": [], "user_permissions": []}}, {"model": "auth.user", "pk": 32, "fields": {"password": "pbkdf2_sha256$870000$NLJWXlTQHnUd8E6XH5HLY9$/0pB+R1FNURnuIjB9UTThcTmV83SJMe3/2kZlVdiAUo=", "last_login": "2025-03-14T18:54:45.012Z", "is_superuser": false, "username": "vatsal.s", "first_name": "", "last_name": "", "email": "vatsal.s@somaiya.edu", "is_staff": false, "is_active": true, "date_joined": "2025-03-14T18:54:38.679Z", "groups": [], "user_permissions": []}}, {"model": "auth.user", "pk": 33, "fields": {"password": "pbkdf2_sha256$870000$94BOVqsptxQHuVQIp4HW3R$nl50PvjAtpll3+22ZOW2tjQfZcuD4pGyUdsMTjNPxmw=", "last_login": "2025-03-14T18:56:48.956Z", "is_superuser": false, "username": "krisha.s", "first_name": "", "last_name": "", "email": "krisha.s@somaiya.edu", "is_staff": false, "is_active": true, "date_joined": "2025-03-14T18:56:43.350Z", "groups": [], "user_permissions": []}}, {"model": "auth.user", "pk": 34, "fields": {"password": "pbkdf2_sha256$870000$clCdBr1AzlYh5qpFTzQjHL$jrEiDamb5X8UIhB5PI4C/cSu5tZSNAg2yZNGblRzEos=", "last_login": "2025-03-14T18:58:04.956Z", "is_superuser": false, "username": "aditya.s", "first_name": "", "last_name": "", "email": "aditya.s@somaiya.edu", "is_staff": false, "is_active": true, "date_joined": "2025-03-14T18:58:00.600Z", "groups": [], "user_permissions": []}}, {"model": "auth.user", "pk": 35, "fields": {"password": "pbkdf2_sha256$870000$0fc1gJLtobJhhbiF3JMDZq$geAxW5ae5kjMitMhW3qVug6Ns2ScGvujCwyC8z2ggHc=", "last_login": "2025-03-14T18:58:26.404Z", "is_superuser": false, "username": "sagar.s", "first_name": "", "last_name": "", "email": "sagar.s@somaiya.edu", "is_staff": false, "is_active": true, "date_joined": "2025-03-14T18:58:21.076Z", "groups": [], "user_permissions": []}}, {"model": "auth.user", "pk": 36, "fields": {"password": "pbkdf2_sha256$870000$QUe74w1k7SQKh8rYDF4Z0T$1uI6vdTgFCCU+LoufBIbi5clRnk1J4ZHB6r+gaI7jX0=", "last_login": "2025-03-14T18:58:48.319Z", "is_superuser": false, "username": "arya.s", "first_name": "", "last_name": "", "email": "arya.s@somaiya.edu", "is_staff": false, "is_active": true, "date_joined": "2025-03-14T18:58:44.031Z", "groups": [], "user_permissions": []}}, {"model": "auth.user", "pk": 37, "fields": {"password": "pbkdf2_sha256$870000$1NvPtxsEuobbk40jbFvhuG$JWaRAiP08rcFkB8FE4655/wuEEmjh310Cc0+89ky85k=", "last_login": "2025-03-14T18:59:06.890Z", "is_superuser": false, "username": "qudsiya.s", "first_name": "", "last_name": "", "email": "qudsiya.s@somaiya.edu", "is_staff": false, "is_active": true, "date_joined": "2025-03-14T18:59:03.105Z", "groups": [], "user_permissions": []}}, {"model": "auth.user", "pk": 38, "fields": {"password": "pbkdf2_sha256$870000$hBxAsGALJ1BqHtHo0JyyZX$o+m6gnxtHPgKhXTMKi+jesnbHh2Y68SsxUP0o+NTOII=", "last_login": "2025-03-14T18:59:25.777Z", "is_superuser": false, "username": "pragati.t", "first_name": "", "last_name": "", "email": "pragati.t@somaiya.edu", "is_staff": false, "is_active": true, "date_joined": "2025-03-14T18:59:20.340Z", "groups": [], "user_permissions": []}}, {"model": "auth.user", "pk": 39, "fields": {"password": "pbkdf2_sha256$870000$801BhJko4fbRD1D8fGpqcj$pv7xrNrOn0r3WQYlzeoKQGliO6lgn4H51iZwWFrqohM=", "last_login": "2025-03-14T18:59:52.702Z", "is_superuser": false, "username": "adit.s", "first_name": "", "last_name": "", "email": "adit.s@somaiya.edu", "is_staff": false, "is_active": true, "date_joined": "2025-03-14T18:59:48.402Z", "groups": [], "user_permissions": []}}, {"model": "auth.user", "pk": 40, "fields": {"password": "pbkdf2_sha256$870000$pCDhVsBai9WsvHwHB40zCQ$mv1OFdh2Wsr7wsJktih4xGRquGJjVKJZNNakoTFA/04=", "last_login": "2025-03-14T19:00:09.244Z", "is_superuser": false, "username": "het.y", "first_name": "", "last_name": "", "email": "het.y@somaiya.edu", "is_staff": false, "is_active": true, "date_joined": "2025-03-14T19:00:05.458Z", "groups": [], "user_permissions": []}}, {"model": "auth.user", "pk": 41, "fields": {"password": "pbkdf2_sha256$870000$9XUgsZoNHVHIJqt86r36a9$A5DqC7mGRxCLdFWL+QkW3w+bCg8+Q4D4HIxn+H2/tKA=", "last_login": "2025-03-14T19:00:30.408Z", "is_superuser": false, "username": "shatakshi.v", "first_name": "", "last_name": "", "email": "shatakshi.v@somaiya.edu", "is_staff": false, "is_active": true, "date_joined": "2025-03-14T19:00:23.362Z", "groups": [], "user_permissions": []}}, {"model": "auth.user", "pk": 42, "fields": {"password": "pbkdf2_sha256$870000$yxOhI2ZBdYTgMNwYYiqDAA$fksZCqvZde51ZFy7o5j6cLE7iBh8Wdk6EdzP6ukszV8=", "last_login": "2025-03-14T19:00:49.827Z", "is_superuser": false, "username": "kartik.v", "first_name": "", "last_name": "", "email": "kartik.v@somaiya.edu", "is_staff": false, "is_active": true, "date_joined": "2025-03-14T19:00:45.989Z", "groups": [], "user_permissions": []}}, {"model": "contenttypes.contenttype", "pk": 1, "fields": {"app_label": "admin", "model": "logentry"}}, {"model": "contenttypes.contenttype", "pk": 2, "fields": {"app_label": "auth", "model": "permission"}}, {"model": "contenttypes.contenttype", "pk": 3, "fields": {"app_label": "auth", "model": "group"}}, {"model": "contenttypes.contenttype", "pk": 4, "fields": {"app_label": "auth", "model": "user"}}, {"model": "contenttypes.contenttype", "pk": 5, "fields": {"app_label": "contenttypes", "model": "contenttype"}}, {"model": "contenttypes.contenttype", "pk": 6, "fields": {"app_label": "sessions", "model": "session"}}, {"model": "contenttypes.contenttype", "pk": 7, "fields": {"app_label": "sites", "model": "site"}}, {"model": "contenttypes.contenttype", "pk": 8, "fields": {"app_label": "account", "model": "emailaddress"}}, {"model": "contenttypes.contenttype", "pk": 9, "fields": {"app_label": "account", "model": "emailconfirmation"}}, {"model": "contenttypes.contenttype", "pk": 10, "fields": {"app_label": "socialaccount", "model": "socialaccount"}}, {"model": "contenttypes.contenttype", "pk": 11, "fields": {"app_label": "socialaccount", "model": "socialapp"}}, {"model": "contenttypes.contenttype", "pk": 12, "fields": {"app_label": "socialaccount", "model": "socialtoken"}}, {"model": "contenttypes.contenttype", "pk": 13, "fields": {"app_label": "Login", "model": "userprofile"}}, {"model": "contenttypes.contenttype", "pk": 14, "fields": {"app_label": "events", "model": "event"}}, {"model": "contenttypes.contenttype", "pk": 15, "fields": {"app_label": "events", "model": "location"}}, {"model": "contenttypes.contenttype", "pk": 16, "fields": {"app_label": "faculty", "model": "faculty"}}, {"model": "contenttypes.contenttype", "pk": 17, "fields": {"app_label": "members", "model": "coremember"}}, {"model": "contenttypes.contenttype", "pk": 18, "fields": {"app_label": "members", "model": "member"}}, {"model": "contenttypes.contenttype", "pk": 19, "fields": {"app_label": "members", "model": "preference"}}, {"model": "contenttypes.contenttype", "pk": 20, "fields": {"app_label": "committees", "model": "announcement"}}, {"model": "contenttypes.contenttype", "pk": 21, "fields": {"app_label": "committees", "model": "associationimage"}}, {"model": "contenttypes.contenttype", "pk": 22, "fields": {"app_label": "committees", "model": "associations"}}, {"model": "contenttypes.contenttype", "pk": 23, "fields": {"app_label": "committees", "model": "nofification"}}, {"model": "sites.site", "pk": 1, "fields": {"domain": "example.com", "name": "example.com"}}, {"model": "account.emailaddress", "pk": 5, "fields": {"user": 7, "email": "sagar.shetty1@somaiya.edu", "verified": false, "primary": true}}, {"model": "account.emailaddress", "pk": 6, "fields": {"user": 8, "email": "dhroov.p@somaiya.edu", "verified": false, "primary": true}}, {"model": "account.emailaddress", "pk": 7, "fields": {"user": 9, "email": "harsh.p@somaiya.edu", "verified": false, "primary": true}}, {"model": "account.emailaddress", "pk": 8, "fields": {"user": 10, "email": "krishiv.p@somaiya.edu", "verified": false, "primary": true}}, {"model": "account.emailaddress", "pk": 9, "fields": {"user": 11, "email": "chirag.p@somaiya.edu", "verified": false, "primary": true}}, {"model": "account.emailaddress", "pk": 10, "fields": {"user": 12, "email": "shyam.p@somaiya.edu", "verified": false, "primary": true}}, {"model": "account.emailaddress", "pk": 11, "fields": {"user": 13, "email": "manav.p@somaiya.edu", "verified": false, "primary": true}}, {"model": "account.emailaddress", "pk": 12, "fields": {"user": 14, "email": "sumant.p@somaiya.edu", "verified": false, "primary": true}}, {"model": "account.emailaddress", "pk": 13, "fields": {"user": 15, "email": "muskaan.p@somaiya.edu", "verified": false, "primary": true}}, {"model": "account.emailaddress", "pk": 14, "fields": {"user": 16, "email": "yashodhan.p@somaiya.edu", "verified": false, "primary": true}}, {"model": "account.emailaddress", "pk": 15, "fields": {"user": 17, "email": "mahek.r@somaiya.edu", "verified": false, "primary": true}}, {"model": "account.emailaddress", "pk": 17, "fields": {"user": 19, "email": "bhaumik.r@somaiya.edu", "verified": false, "primary": true}}, {"model": "account.emailaddress", "pk": 18, "fields": {"user": 20, "email": "nishit.r@somaiya.edu", "verified": false, "primary": true}}, {"model": "account.emailaddress", "pk": 19, "fields": {"user": 21, "email": "mrudul.r@somaiya.edu", "verified": false, "primary": true}}, {"model": "account.emailaddress", "pk": 20, "fields": {"user": 22, "email": "swayam.r@somaiya.edu", "verified": false, "primary": true}}, {"model": "account.emailaddress", "pk": 21, "fields": {"user": 23, "email": "siddhant.s@somaiya.edu", "verified": false, "primary": true}}, {"model": "account.emailaddress", "pk": 22, "fields": {"user": 24, "email": "manushi.s@somaiya.edu", "verified": false, "primary": true}}, {"model": "account.emailaddress", "pk": 23, "fields": {"user": 25, "email": "tanukriti.s@somaiya.edu", "verified": false, "primary": true}}, {"model": "account.emailaddress", "pk": 24, "fields": {"user": 26, "email": "vidit.s@somaiya.edu", "verified": false, "primary": true}}, {"model": "account.emailaddress", "pk": 25, "fields": {"user": 27, "email": "jash.s@somaiya.edu", "verified": false, "primary": true}}, {"model": "account.emailaddress", "pk": 26, "fields": {"user": 28, "email": "meeti.s@somaiya.edu", "verified": false, "primary": true}}, {"model": "account.emailaddress", "pk": 27, "fields": {"user": 29, "email": "neel.s@somaiya.edu", "verified": false, "primary": true}}, {"model": "account.emailaddress", "pk": 28, "fields": {"user": 30, "email": "ayesha.s@somaiya.edu", "verified": false, "primary": true}}, {"model": "account.emailaddress", "pk": 29, "fields": {"user": 31, "email": "shriddha.s@somaiya.edu", "verified": false, "primary": true}}, {"model": "account.emailaddress", "pk": 30, "fields": {"user": 32, "email": "vatsal.s@somaiya.edu", "verified": false, "primary": true}}, {"model": "account.emailaddress", "pk": 31, "fields": {"user": 33, "email": "krisha.s@somaiya.edu", "verified": false, "primary": true}}, {"model": "account.emailaddress", "pk": 32, "fields": {"user": 34, "email": "aditya.s@somaiya.edu", "verified": false, "primary": true}}, {"model": "account.emailaddress", "pk": 33, "fields": {"user": 35, "email": "sagar.s@somaiya.edu", "verified": false, "primary": true}}, {"model": "account.emailaddress", "pk": 34, "fields": {"user": 36, "email": "arya.s@somaiya.edu", "verified": false, "primary": true}}, {"model": "account.emailaddress", "pk": 35, "fields": {"user": 37, "email": "qudsiya.s@somaiya.edu", "verified": false, "primary": true}}, {"model": "account.emailaddress", "pk": 36, "fields": {"user": 38, "email": "pragati.t@somaiya.edu", "verified": false, "primary": true}}, {"model": "account.emailaddress", "pk": 37, "fields": {"user": 39, "email": "adit.s@somaiya.edu", "verified": false, "primary": true}}, {"model": "account.emailaddress", "pk": 38, "fields": {"user": 40, "email": "het.y@somaiya.edu", "verified": false, "primary": true}}, {"model": "account.emailaddress", "pk": 39, "fields": {"user": 41, "email": "shatakshi.v@somaiya.edu", "verified": false, "primary": true}}, {"model": "account.emailaddress", "pk": 40, "fields": {"user": 42, "email": "kartik.v@somaiya.edu", "verified": false, "primary": true}}, {"model": "Login.userprofile", "pk": 6, "fields": {"ssv_id": 1, "full_name": "Admin", "role": "non_participating", "profile_picture": "profile_pics/default.jpg", "created_at": "2025-03-14T17:53:11.670Z", "updated_at": "2025-03-14T21:15:51.260Z"}}, {"model": "Login.userprofile", "pk": 7, "fields": {"ssv_id": 2, "full_name": "Sagar Shetty", "role": "faculty", "profile_picture": "profile_pics/default.jpg", "created_at": "2025-03-14T18:01:03.744Z", "updated_at": "2025-03-14T19:01:48.683Z"}}, {"model": "Login.userprofile", "pk": 8, "fields": {"ssv_id": 3, "full_name": "Dhroov Patel", "role": "faculty", "profile_picture": "profile_pics/default.jpg", "created_at": "2025-03-14T18:42:34.481Z", "updated_at": "2025-03-14T21:14:32.429Z"}}, {"model": "Login.userprofile", "pk": 9, "fields": {"ssv_id": 4, "full_name": "Harsh Patel", "role": "faculty", "profile_picture": "profile_pics/default.jpg", "created_at": "2025-03-14T18:43:00.315Z", "updated_at": "2025-03-14T19:03:03.136Z"}}, {"model": "Login.userprofile", "pk": 10, "fields": {"ssv_id": 5, "full_name": "Krishiv Patel", "role": "faculty", "profile_picture": "profile_pics/default.jpg", "created_at": "2025-03-14T18:43:25.965Z", "updated_at": "2025-03-14T19:03:41.781Z"}}, {"model": "Login.userprofile", "pk": 11, "fields": {"ssv_id": 6, "full_name": "", "role": "non_participating", "profile_picture": "profile_pics/default.jpg", "created_at": "2025-03-14T18:43:52.150Z", "updated_at": "2025-03-14T18:43:56.258Z"}}, {"model": "Login.userprofile", "pk": 12, "fields": {"ssv_id": 7, "full_name": "", "role": "non_participating", "profile_picture": "profile_pics/default.jpg", "created_at": "2025-03-14T18:44:16.180Z", "updated_at": "2025-03-14T18:44:20.619Z"}}, {"model": "Login.userprofile", "pk": 13, "fields": {"ssv_id": 8, "full_name": "", "role": "non_participating", "profile_picture": "profile_pics/default.jpg", "created_at": "2025-03-14T18:44:38.286Z", "updated_at": "2025-03-14T18:44:46.556Z"}}, {"model": "Login.userprofile", "pk": 14, "fields": {"ssv_id": 9, "full_name": "", "role": "non_participating", "profile_picture": "profile_pics/default.jpg", "created_at": "2025-03-14T18:45:05.342Z", "updated_at": "2025-03-14T18:45:11.024Z"}}, {"model": "Login.userprofile", "pk": 15, "fields": {"ssv_id": 10, "full_name": "", "role": "non_participating", "profile_picture": "profile_pics/default.jpg", "created_at": "2025-03-14T18:45:28.776Z", "updated_at": "2025-03-14T18:45:33.013Z"}}, {"model": "Login.userprofile", "pk": 16, "fields": {"ssv_id": 11, "full_name": "", "role": "non_participating", "profile_picture": "profile_pics/default.jpg", "created_at": "2025-03-14T18:45:57.575Z", "updated_at": "2025-03-14T18:46:01.895Z"}}, {"model": "Login.userprofile", "pk": 17, "fields": {"ssv_id": 12, "full_name": "", "role": "non_participating", "profile_picture": "profile_pics/default.jpg", "created_at": "2025-03-14T18:46:21.485Z", "updated_at": "2025-03-14T18:46:26.774Z"}}, {"model": "Login.userprofile", "pk": 19, "fields": {"ssv_id": 13, "full_name": "", "role": "non_participating", "profile_picture": "profile_pics/default.jpg", "created_at": "2025-03-14T18:49:34.917Z", "updated_at": "2025-03-14T18:49:41.035Z"}}, {"model": "Login.userprofile", "pk": 20, "fields": {"ssv_id": 14, "full_name": "", "role": "non_participating", "profile_picture": "profile_pics/default.jpg", "created_at": "2025-03-14T18:50:00.636Z", "updated_at": "2025-03-14T18:50:08.368Z"}}, {"model": "Login.userprofile", "pk": 21, "fields": {"ssv_id": 15, "full_name": "", "role": "non_participating", "profile_picture": "profile_pics/default.jpg", "created_at": "2025-03-14T18:50:25.320Z", "updated_at": "2025-03-14T18:50:29.675Z"}}, {"model": "Login.userprofile", "pk": 22, "fields": {"ssv_id": 16, "full_name": "", "role": "non_participating", "profile_picture": "profile_pics/default.jpg", "created_at": "2025-03-14T18:51:00.945Z", "updated_at": "2025-03-14T18:51:05.108Z"}}, {"model": "Login.userprofile", "pk": 23, "fields": {"ssv_id": 17, "full_name": "", "role": "non_participating", "profile_picture": "profile_pics/default.jpg", "created_at": "2025-03-14T18:51:26.803Z", "updated_at": "2025-03-14T18:51:31.141Z"}}, {"model": "Login.userprofile", "pk": 24, "fields": {"ssv_id": 18, "full_name": "", "role": "non_participating", "profile_picture": "profile_pics/default.jpg", "created_at": "2025-03-14T18:51:46.014Z", "updated_at": "2025-03-14T18:51:50.818Z"}}, {"model": "Login.userprofile", "pk": 25, "fields": {"ssv_id": 19, "full_name": "", "role": "non_participating", "profile_picture": "profile_pics/default.jpg", "created_at": "2025-03-14T18:52:08.463Z", "updated_at": "2025-03-14T18:52:12.671Z"}}, {"model": "Login.userprofile", "pk": 26, "fields": {"ssv_id": 20, "full_name": "", "role": "non_participating", "profile_picture": "profile_pics/default.jpg", "created_at": "2025-03-14T18:52:26.021Z", "updated_at": "2025-03-14T18:52:31.042Z"}}, {"model": "Login.userprofile", "pk": 27, "fields": {"ssv_id": 21, "full_name": "", "role": "non_participating", "profile_picture": "profile_pics/default.jpg", "created_at": "2025-03-14T18:52:50.166Z", "updated_at": "2025-03-14T18:52:55.548Z"}}, {"model": "Login.userprofile", "pk": 28, "fields": {"ssv_id": 22, "full_name": "", "role": "non_participating", "profile_picture": "profile_pics/default.jpg", "created_at": "2025-03-14T18:53:13.220Z", "updated_at": "2025-03-14T18:53:17.400Z"}}, {"model": "Login.userprofile", "pk": 29, "fields": {"ssv_id": 23, "full_name": "", "role": "non_participating", "profile_picture": "profile_pics/default.jpg", "created_at": "2025-03-14T18:53:32.352Z", "updated_at": "2025-03-14T18:53:37.485Z"}}, {"model": "Login.userprofile", "pk": 30, "fields": {"ssv_id": 24, "full_name": "", "role": "non_participating", "profile_picture": "profile_pics/default.jpg", "created_at": "2025-03-14T18:53:54.907Z", "updated_at": "2025-03-14T18:54:00.988Z"}}, {"model": "Login.userprofile", "pk": 31, "fields": {"ssv_id": 25, "full_name": "", "role": "non_participating", "profile_picture": "profile_pics/default.jpg", "created_at": "2025-03-14T18:54:23.051Z", "updated_at": "2025-03-14T18:54:28.378Z"}}, {"model": "Login.userprofile", "pk": 32, "fields": {"ssv_id": 26, "full_name": "", "role": "non_participating", "profile_picture": "profile_pics/default.jpg", "created_at": "2025-03-14T18:54:39.989Z", "updated_at": "2025-03-14T18:54:45.032Z"}}, {"model": "Login.userprofile", "pk": 33, "fields": {"ssv_id": 27, "full_name": "", "role": "non_participating", "profile_picture": "profile_pics/default.jpg", "created_at": "2025-03-14T18:56:43.728Z", "updated_at": "2025-03-14T18:56:48.963Z"}}, {"model": "Login.userprofile", "pk": 34, "fields": {"ssv_id": 28, "full_name": "", "role": "non_participating", "profile_picture": "profile_pics/default.jpg", "created_at": "2025-03-14T18:58:01.020Z", "updated_at": "2025-03-14T18:58:04.963Z"}}, {"model": "Login.userprofile", "pk": 35, "fields": {"ssv_id": 29, "full_name": "", "role": "non_participating", "profile_picture": "profile_pics/default.jpg", "created_at": "2025-03-14T18:58:21.516Z", "updated_at": "2025-03-14T18:58:26.409Z"}}, {"model": "Login.userprofile", "pk": 36, "fields": {"ssv_id": 30, "full_name": "", "role": "non_participating", "profile_picture": "profile_pics/default.jpg", "created_at": "2025-03-14T18:58:44.491Z", "updated_at": "2025-03-14T18:58:48.325Z"}}, {"model": "Login.userprofile", "pk": 37, "fields": {"ssv_id": 31, "full_name": "", "role": "non_participating", "profile_picture": "profile_pics/default.jpg", "created_at": "2025-03-14T18:59:03.505Z", "updated_at": "2025-03-14T18:59:06.896Z"}}, {"model": "Login.userprofile", "pk": 38, "fields": {"ssv_id": 32, "full_name": "Pragati Tiwari", "role": "Core Member", "profile_picture": "profile_pics/default.jpg", "created_at": "2025-03-14T18:59:20.721Z", "updated_at": "2025-03-14T21:14:39.004Z"}}, {"model": "Login.userprofile", "pk": 39, "fields": {"ssv_id": 33, "full_name": "", "role": "non_participating", "profile_picture": "profile_pics/default.jpg", "created_at": "2025-03-14T18:59:48.850Z", "updated_at": "2025-03-14T18:59:52.709Z"}}, {"model": "Login.userprofile", "pk": 40, "fields": {"ssv_id": 34, "full_name": "", "role": "non_participating", "profile_picture": "profile_pics/default.jpg", "created_at": "2025-03-14T19:00:05.848Z", "updated_at": "2025-03-14T19:00:09.251Z"}}, {"model": "Login.userprofile", "pk": 41, "fields": {"ssv_id": 35, "full_name": "", "role": "non_participating", "profile_picture": "profile_pics/default.jpg", "created_at": "2025-03-14T19:00:23.747Z", "updated_at": "2025-03-14T19:00:30.414Z"}}, {"model": "Login.userprofile", "pk": 42, "fields": {"ssv_id": 36, "full_name": "", "role": "non_participating", "profile_picture": "profile_pics/default.jpg", "created_at": "2025-03-14T19:00:46.386Z", "updated_at": "2025-03-14T19:00:49.833Z"}}, {"model": "faculty.faculty", "pk": 7, "fields": {"department": "", "designation": null, "locked_dates": null, "permissions": []}}, {"model": "faculty.faculty", "pk": 8, "fields": {"department": "Computer Engineering", "designation": "idk", "locked_dates": null, "permissions": []}}, {"model": "faculty.faculty", "pk": 9, "fields": {"department": "", "designation": null, "locked_dates": null, "permissions": []}}, {"model": "faculty.faculty", "pk": 10, "fields": {"department": "", "designation": null, "locked_dates": null, "permissions": []}}, {"model": "members.coremember", "pk": 38, "fields": {"club": null, "position": null, "can_approve_members": false, "can_edit_events": false, "can_edit_club_page": false, "permissions": []}}]